{"cameraMode":{"drawMode":31,"name":"Sprite Mask","section":"Miscellaneous"},"sceneLighting":false,"audioPlay":false,"sceneViewState":{"showFog":true,"showMaterialUpdate":false,"showSkybox":false,"showFlares":true,"showImageEffects":true,"showParticleSystems":true},"in2DMode":false,"pivot":{"x":0.342184454202652,"y":0.7052226662635803,"z":-0.004493236541748047},"rotation":{"x":0.12161415815353394,"y":-0.8537142872810364,"z":0.4509837031364441,"w":0.23021551966667176},"size":3.8599588871002199,"orthographic":true}