{"cameraMode":{"drawMode":31,"name":"Sprite Mask","section":"Miscellaneous"},"sceneLighting":false,"audioPlay":false,"sceneViewState":{"showFog":true,"showMaterialUpdate":false,"showSkybox":false,"showFlares":true,"showImageEffects":true,"showParticleSystems":true},"in2DMode":false,"pivot":{"x":-2.8177008628845217,"y":1.6438038349151612,"z":-2.1043946743011476},"rotation":{"x":0.1895492523908615,"y":0.31192758679389956,"z":-0.06365644186735153,"w":0.9288287162780762},"size":0.46765369176864626,"orthographic":false}