{"cameraMode":{"drawMode":31,"name":"Sprite Mask","section":"Miscellaneous"},"sceneLighting":false,"audioPlay":false,"sceneViewState":{"showFog":true,"showMaterialUpdate":false,"showSkybox":false,"showFlares":true,"showImageEffects":true,"showParticleSystems":true},"in2DMode":false,"pivot":{"x":-0.01956343650817871,"y":-0.3938111662864685,"z":0.043886423110961917},"rotation":{"x":-0.13774316012859345,"y":0.8401604890823364,"z":-0.46041151881217959,"w":-0.2513543963432312},"size":3.5358595848083498,"orthographic":false}