{"cameraMode":{"drawMode":31,"name":"Sprite Mask","section":"Miscellaneous"},"sceneLighting":false,"audioPlay":false,"sceneViewState":{"showFog":true,"showMaterialUpdate":false,"showSkybox":false,"showFlares":true,"showImageEffects":true,"showParticleSystems":true},"in2DMode":false,"pivot":{"x":-0.16242793202400208,"y":0.5919394493103027,"z":0.26153671741485598},"rotation":{"x":0.05203413963317871,"y":-0.9030415415763855,"z":0.1143883690237999,"w":0.4107685685157776},"size":1.1596240997314454,"orthographic":true}