{"cameraMode":{"drawMode":31,"name":"Sprite Mask","section":"Miscellaneous"},"sceneLighting":false,"audioPlay":false,"sceneViewState":{"showFog":true,"showMaterialUpdate":false,"showSkybox":false,"showFlares":true,"showImageEffects":true,"showParticleSystems":true},"in2DMode":false,"pivot":{"x":-0.00023043155670166016,"y":-0.08952702581882477,"z":0.0010519027709960938},"rotation":{"x":-0.13774316012859345,"y":0.8401604890823364,"z":-0.46041151881217959,"w":-0.2513543963432312},"size":3.8107879161834719,"orthographic":false}