{"cameraMode":{"drawMode":31,"name":"Sprite Mask","section":"Miscellaneous"},"sceneLighting":false,"audioPlay":false,"sceneViewState":{"showFog":true,"showMaterialUpdate":false,"showSkybox":false,"showFlares":true,"showImageEffects":true,"showParticleSystems":true},"in2DMode":false,"pivot":{"x":-0.5442259311676025,"y":2.0085277557373049,"z":2.8389980792999269},"rotation":{"x":-0.013299450278282166,"y":-0.9815659523010254,"z":0.1755746304988861,"w":-0.07434972375631333},"size":3.801363706588745,"orthographic":true}