{"cameraMode":{"drawMode":3,"name":"Shadow Cascades","section":"Miscellaneous"},"sceneLighting":true,"audioPlay":false,"sceneViewState":{"showFog":true,"showMaterialUpdate":false,"showSkybox":false,"showFlares":true,"showImageEffects":true,"showParticleSystems":true},"in2DMode":false,"pivot":{"x":-0.00023043155670166016,"y":1.1691240072250367,"z":0.0010519027709960938},"rotation":{"x":0.06751697510480881,"y":0.921027660369873,"z":-0.3360027074813843,"w":0.18507292866706849},"size":4.037605285644531,"orthographic":false}