{"cameraMode":{"drawMode":3,"name":"Shadow Cascades","section":"Miscellaneous"},"sceneLighting":true,"audioPlay":false,"sceneViewState":{"showFog":false,"showMaterialUpdate":false,"showSkybox":false,"showFlares":false,"showImageEffects":false,"showParticleSystems":false},"in2DMode":false,"pivot":{"x":0.7196178436279297,"y":0.034480199217796329,"z":-1.1323214769363404},"rotation":{"x":-0.22339770197868348,"y":-0.00965267512947321,"z":0.0022127239499241115,"w":-0.9746786952018738},"size":1.770478367805481,"orthographic":false}