{"cameraMode":{"drawMode":3,"name":"Shadow Cascades","section":"Miscellaneous"},"sceneLighting":true,"audioPlay":false,"sceneViewState":{"showFog":false,"showMaterialUpdate":false,"showSkybox":false,"showFlares":false,"showImageEffects":false,"showParticleSystems":false},"in2DMode":false,"pivot":{"x":-0.00023043155670166016,"y":0.5028864145278931,"z":0.0010519027709960938},"rotation":{"x":0.42547208070755007,"y":0.32574042677879336,"z":-0.16747786104679109,"w":0.8275385499000549},"size":2.359959363937378,"orthographic":true}