{"cameraMode":{"drawMode":3,"name":"Shadow Cascades","section":"Miscellaneous"},"sceneLighting":true,"audioPlay":false,"sceneViewState":{"showFog":false,"showMaterialUpdate":false,"showSkybox":false,"showFlares":false,"showImageEffects":false,"showParticleSystems":false},"in2DMode":false,"pivot":{"x":-1.1467459201812745,"y":0.0344802588224411,"z":-0.6964037418365479},"rotation":{"x":0.7339887022972107,"y":-0.12633568048477174,"z":0.14222395420074464,"w":0.651979386806488},"size":1.8039809465408326,"orthographic":true}