{"cameraMode":{"drawMode":3,"name":"Shadow Cascades","section":"Miscellaneous"},"sceneLighting":true,"audioPlay":false,"sceneViewState":{"showFog":false,"showMaterialUpdate":false,"showSkybox":false,"showFlares":false,"showImageEffects":false,"showParticleSystems":false},"in2DMode":false,"pivot":{"x":-1.1467459201812745,"y":0.0344802588224411,"z":-0.6964037418365479},"rotation":{"x":0.7412256002426148,"y":0.19403773546218873,"z":-0.24152813851833344,"w":0.5954828262329102},"size":1.7779433727264405,"orthographic":true}