{"cameraMode":{"drawMode":3,"name":"Shadow Cascades","section":"Miscellaneous"},"sceneLighting":true,"audioPlay":false,"sceneViewState":{"showFog":false,"showMaterialUpdate":false,"showSkybox":false,"showFlares":false,"showImageEffects":false,"showParticleSystems":false},"in2DMode":false,"pivot":{"x":-0.6000000238418579,"y":1.1100001335144044,"z":-1.1640000343322755},"rotation":{"x":-0.22339770197868348,"y":-0.00965267512947321,"z":0.0022127239499241115,"w":-0.9746786952018738},"size":1.6125578880310059,"orthographic":false}