{"cameraMode":{"drawMode":0,"name":"Shaded","section":"Shading Mode"},"sceneLighting":false,"audioPlay":false,"sceneViewState":{"showFog":true,"showMaterialUpdate":false,"showSkybox":false,"showFlares":true,"showImageEffects":true,"showParticleSystems":true},"in2DMode":false,"pivot":{"x":1.188939094543457,"y":0.034480199217796329,"z":-0.6216322183609009},"rotation":{"x":-0.3062240779399872,"y":0.6604510545730591,"z":-0.3395763337612152,"w":-0.5955837965011597},"size":1.3839582204818726,"orthographic":false}