{"cameraMode":{"drawMode":0,"name":"Shaded","section":"Shading Mode"},"sceneLighting":false,"audioPlay":false,"sceneViewState":{"showFog":true,"showMaterialUpdate":false,"showSkybox":false,"showFlares":true,"showImageEffects":true,"showParticleSystems":true},"in2DMode":false,"pivot":{"x":1.3560001850128174,"y":0.6499999761581421,"z":0.13199999928474427},"rotation":{"x":-0.07769051194190979,"y":0.8011417388916016,"z":-0.10662146657705307,"w":-0.5837549567222595},"size":1.1618549823760987,"orthographic":false}