{"cameraMode":{"drawMode":0,"name":"Shaded","section":"Shading Mode"},"sceneLighting":true,"audioPlay":false,"sceneViewState":{"showFog":true,"showMaterialUpdate":false,"showSkybox":true,"showFlares":true,"showImageEffects":true,"showParticleSystems":true},"in2DMode":false,"pivot":{"x":1.1920928955078126e-7,"y":0.0,"z":-2.384185791015625e-7},"rotation":{"x":-0.012546585872769356,"y":-0.3690287470817566,"z":-0.004982170183211565,"w":0.9293199777603149},"size":60.34394454956055,"orthographic":true}