{"cameraMode":{"drawMode":0,"name":"Shaded","section":"Shading Mode"},"sceneLighting":false,"audioPlay":false,"sceneViewState":{"showFog":true,"showMaterialUpdate":false,"showSkybox":false,"showFlares":true,"showImageEffects":true,"showParticleSystems":true},"in2DMode":false,"pivot":{"x":-1.5545340776443482,"y":2.4658517837524416,"z":2.250563383102417},"rotation":{"x":0.14969569444656373,"y":0.8495440483093262,"z":-0.3766447603702545,"w":0.337645947933197},"size":1.1428589820861817,"orthographic":false}