{"cameraMode":{"drawMode":0,"name":"Shaded","section":"Shading Mode"},"sceneLighting":false,"audioPlay":false,"sceneViewState":{"showFog":true,"showMaterialUpdate":false,"showSkybox":false,"showFlares":true,"showImageEffects":true,"showParticleSystems":true},"in2DMode":false,"pivot":{"x":0.06881392002105713,"y":0.03448013961315155,"z":-1.339876413345337},"rotation":{"x":0.00336847105063498,"y":0.8281905651092529,"z":-0.0049771820195019249,"w":0.5604175925254822},"size":1.7600153684616089,"orthographic":false}