{"cameraMode":{"drawMode":0,"name":"Shaded","section":"Shading Mode"},"sceneLighting":false,"audioPlay":false,"sceneViewState":{"showFog":true,"showMaterialUpdate":false,"showSkybox":false,"showFlares":true,"showImageEffects":true,"showParticleSystems":true},"in2DMode":false,"pivot":{"x":1.4355605840682984,"y":2.920924663543701,"z":1.5601413249969483},"rotation":{"x":-0.4494110941886902,"y":0.5413689017295837,"z":-0.43015041947364809,"w":-0.5656218528747559},"size":3.7897861003875734,"orthographic":false}