{"cameraMode":{"drawMode":0,"name":"Shaded","section":"Shading Mode"},"sceneLighting":false,"audioPlay":false,"sceneViewState":{"showFog":true,"showMaterialUpdate":false,"showSkybox":false,"showFlares":true,"showImageEffects":true,"showParticleSystems":true},"in2DMode":false,"pivot":{"x":-1.1467459201812745,"y":0.0344802588224411,"z":-0.6964037418365479},"rotation":{"x":0.00336847105063498,"y":0.8281905651092529,"z":-0.0049771820195019249,"w":0.5604175925254822},"size":1.7779433727264405,"orthographic":false}