{"cameraMode":{"drawMode":0,"name":"Shaded","section":"Shading Mode"},"sceneLighting":false,"audioPlay":false,"sceneViewState":{"showFog":true,"showMaterialUpdate":false,"showSkybox":false,"showFlares":true,"showImageEffects":true,"showParticleSystems":true},"in2DMode":false,"pivot":{"x":2.384185791015625e-7,"y":0.0,"z":-4.76837158203125e-7},"rotation":{"x":0.00336847105063498,"y":0.8281905651092529,"z":-0.0049771820195019249,"w":0.5604175925254822},"size":4.330130577087402,"orthographic":false}