{"cameraMode":{"drawMode":0,"name":"Shaded","section":"Shading Mode"},"sceneLighting":false,"audioPlay":false,"sceneViewState":{"showFog":true,"showMaterialUpdate":false,"showSkybox":false,"showFlares":true,"showImageEffects":true,"showParticleSystems":true},"in2DMode":false,"pivot":{"x":-0.6000000238418579,"y":1.1100001335144044,"z":-1.1640000343322755},"rotation":{"x":0.00336847105063498,"y":0.8281905651092529,"z":-0.0049771820195019249,"w":0.5604175925254822},"size":1.6125578880310059,"orthographic":false}