{"cameraMode":{"drawMode":0,"name":"Shaded","section":"Shading Mode"},"sceneLighting":false,"audioPlay":false,"sceneViewState":{"showFog":true,"showMaterialUpdate":false,"showSkybox":false,"showFlares":true,"showImageEffects":true,"showParticleSystems":true},"in2DMode":false,"pivot":{"x":-0.00023043155670166016,"y":0.03448013961315155,"z":0.0010519027709960938},"rotation":{"x":-0.07800422608852387,"y":0.9195789694786072,"z":-0.23530638217926026,"w":-0.304840087890625},"size":3.8005764484405519,"orthographic":false}